<?xml version="1.0" encoding="UTF-8"?>
<!--
  ~ Copyright (c) 2016, WSO2 Inc. (http://www.wso2.org) All Rights Reserved.
  ~
  ~ WSO2 Inc. licenses this file to you under the Apache License,
  ~ Version 2.0 (the "License"); you may not use this file except
  ~ in compliance with the License.
  ~ You may obtain a copy of the License at
  ~
  ~    http://www.apache.org/licenses/LICENSE-2.0
  ~
  ~ Unless required by applicable law or agreed to in writing,
  ~ software distributed under the License is distributed on an
  ~ "AS IS" BASIS, WITHOUT WARRANTIES OR CONDITIONS OF ANY
  ~ KIND, either express or implied.  See the License for the
  ~ specific language governing permissions and limitations
  ~ under the License.
-->

<template name="fetchSpecificRowsOrColumns" xmlns="http://ws.apache.org/ns/synapse">
    <parameter name="key" description="Unique value of the spreadsheet"/>
    <parameter name="worksheetId" description="The ID of the worksheet"/>
    <parameter name="minRow" description="Starting row index"/>
    <parameter name="maxRow" description="Ending row index"/>
    <parameter name="minCol" description="Starting column index"/>
    <parameter name="maxCol" description="Ending column index"/>
    <sequence>
        <property name="uri.var.key" expression="$func:key"/>
        <property name="uri.var.worksheetId" expression="$func:worksheetId"/>
        <property name="uri.var.minRow" expression="$func:minRow"/>
        <property name="uri.var.maxRow" expression="$func:maxRow"/>
        <property name="uri.var.minCol" expression="$func:minCol"/>
        <property name="uri.var.maxCol" expression="$func:maxCol"/>
        <property name="REQUEST_HOST_HEADER" scope="axis2" value="spreadsheets.google.com"/>
        <property action="remove" name="Accept-Encoding" scope="transport"/>
        <call>
            <endpoint>
                <http method="get"
                      uri-template="{+uri.var.apiUrl}/feeds/cells/{+uri.var.key}/{+uri.var.worksheetId}/private/full?min-row={+uri.var.minRow}&amp;max-row={+uri.var.maxRow}&amp;min-col={+uri.var.minCol}&amp;max-col={+uri.var.maxCol}"/>
            </endpoint>
        </call>
        <!-- Remove response custom header information -->
        <header name="x-li-format" scope="transport" action="remove"/>
        <header name="X-LI-UUID" scope="transport" action="remove"/>
        <header name="X-Li-Pop" scope="transport" action="remove"/>
        <header name="X-Li-Fabric" scope="transport" action="remove"/>
        <header name="x-li-request-id" scope="transport" action="remove"/>
    </sequence>
</template>