<?xml version="1.0" encoding="UTF-8"?>
<!--
  ~ Copyright (c) 2016, WSO2 Inc. (http://www.wso2.org) All Rights Reserved.
  ~
  ~ WSO2 Inc. licenses this file to you under the Apache License,
  ~ Version 2.0 (the "License"); you may not use this file except
  ~ in compliance with the License.
  ~ You may obtain a copy of the License at
  ~
  ~    http://www.apache.org/licenses/LICENSE-2.0
  ~
  ~ Unless required by applicable law or agreed to in writing,
  ~ software distributed under the License is distributed on an
  ~ "AS IS" BASIS, WITHOUT WARRANTIES OR CONDITIONS OF ANY
  ~ KIND, either express or implied.  See the License for the
  ~ specific language governing permissions and limitations
  ~ under the License.
-->

<template name="sortRows" xmlns="http://ws.apache.org/ns/synapse">
    <parameter name="key" description="Unique value of the spreadsheet"/>
    <parameter name="worksheetId" description="The ID of the worksheet"/>
    <parameter name="orderby" description=" Ascending or descending order"/>
    <parameter name="reverse" description="true or false"/>
    <sequence>
        <property name="uri.var.apiParameters" value=""/>
        <property name="uri.var.key" expression="$func:key"/>
        <property name="uri.var.worksheetId" expression="$func:worksheetId"/>
        <property name="uri.var.reverse" expression="$func:reverse"/>
        <property name="uri.var.orderby" expression="$func:orderby"/>
        <property name="REQUEST_HOST_HEADER" scope="axis2" value="spreadsheets.google.com"/>
        <filter xpath="(not(get-property('uri.var.orderby') = '' or (not(string(get-property('uri.var.orderby'))))))">
            <then>
                <filter xpath="(not(get-property('uri.var.apiParameters') = '' or (not(string(get-property('uri.var.apiParameters'))))))">
                    <then>
                        <property name="uri.var.apiParameters"
                                  expression="fn:concat(get-property('uri.var.apiParameters'),'&amp;orderby=',get-property('uri.var.orderby'))"/>
                    </then>
                    <else>
                        <property name="uri.var.apiParameters"
                                  expression="fn:concat(get-property('uri.var.apiParameters'),'orderby=',get-property('uri.var.orderby'))"/>
                    </else>
                </filter>
            </then>
        </filter>
        <filter xpath="(not(get-property('uri.var.reverse') = '' or (not(string(get-property('uri.var.reverse'))))))">
            <then>
                <filter xpath="(not(get-property('uri.var.apiParameters') = '' or (not(string(get-property('uri.var.apiParameters'))))))">
                    <then>
                        <property name="uri.var.apiParameters"
                                  expression="fn:concat(get-property('uri.var.apiParameters'),'&amp;reverse=',get-property('uri.var.reverse'))"/>
                    </then>
                    <else>
                        <property name="uri.var.apiParameters"
                                  expression="fn:concat(get-property('uri.var.apiParameters'),'reverse=',get-property('uri.var.reverse'))"/>
                    </else>
                </filter>
            </then>
        </filter>
        <call>
            <endpoint>
                <http method="get"
                      uri-template="{+uri.var.apiUrl}/feeds/list/{+uri.var.key}/{+uri.var.worksheetId}/private/full?{+uri.var.apiParameters}"/>
            </endpoint>
        </call>
        <!-- Remove response custom header information -->
        <header name="x-li-format" scope="transport" action="remove"/>
        <header name="X-LI-UUID" scope="transport" action="remove"/>
        <header name="X-Li-Pop" scope="transport" action="remove"/>
        <header name="X-Li-Fabric" scope="transport" action="remove"/>
        <header name="x-li-request-id" scope="transport" action="remove"/>
    </sequence>
</template>