<?xml version="1.0" encoding="UTF-8"?>
<!--
  ~ Copyright (c) 2016, WSO2 Inc. (http://www.wso2.org) All Rights Reserved.
  ~
  ~ WSO2 Inc. licenses this file to you under the Apache License,
  ~ Version 2.0 (the "License"); you may not use this file except
  ~ in compliance with the License.
  ~ You may obtain a copy of the License at
  ~
  ~    http://www.apache.org/licenses/LICENSE-2.0
  ~
  ~ Unless required by applicable law or agreed to in writing,
  ~ software distributed under the License is distributed on an
  ~ "AS IS" BASIS, WITHOUT WARRANTIES OR CONDITIONS OF ANY
  ~ KIND, either express or implied.  See the License for the
  ~ specific language governing permissions and limitations
  ~ under the License.
-->

<template name="updateCells" xmlns="http://ws.apache.org/ns/synapse">
    <parameter name="key" description="Unique value of the spreadsheet"/>
    <parameter name="worksheetId" description="The ID of the worksheet"/>
    <parameter name="cellId" description="The ID of the cell"/>
    <parameter name="inputValue" description="Input value"/>
    <parameter name="row" description="Index of the row"/>
    <parameter name="col" description="Index of the col"/>
    <parameter name="cellVersion" description="The version of the cell"/>
    <sequence>
        <property name="uri.var.key" expression="$func:key"/>
        <property name="uri.var.worksheetId" expression="$func:worksheetId"/>
        <property name="uri.var.cellId" expression="$func:cellId"/>
        <property name="uri.var.inputValue" expression="$func:inputValue"/>
        <property name="uri.var.row" expression="$func:row"/>
        <property name="uri.var.col" expression="$func:col"/>
        <property name="uri.var.cellVersion" expression="$func:cellVersion"/>
        <property name="REQUEST_HOST_HEADER" scope="axis2" value="spreadsheets.google.com"/>
        <payloadFactory media-type="xml">
            <format>
                <entry xmlns:gs="http://schemas.google.com/spreadsheets/2006"
                       xmlns="http://www.w3.org/2005/Atom">
                    <gs:cell row="$1" col="$2" inputValue="$3"/>
                </entry>
            </format>
            <args>
                <arg expression="$ctx:row"/>
                <arg expression="$ctx:col"/>
                <arg expression="$ctx:inputValue"/>
            </args>
        </payloadFactory>
        <property name="messageType" value="application/atom+xml" scope="axis2"/>
        <property name="Content-Type" value="application/atom+xml" scope="axis2"/>
        <header name="Content-Type" value="application/atom+xml" scope="transport"/>
        <property action="remove" name="Accept-Encoding" scope="transport"/>
        <call>
            <endpoint>
                <http method="put"
                      uri-template="{+uri.var.apiUrl}/feeds/cells/{+uri.var.key}/{+uri.var.worksheetId}/private/full/{+uri.var.cellId}/{+uri.var.cellVersion}"/>
            </endpoint>
        </call>
        <!-- Remove response custom header information -->
        <header name="x-li-format" scope="transport" action="remove"/>
        <header name="X-LI-UUID" scope="transport" action="remove"/>
        <header name="X-Li-Pop" scope="transport" action="remove"/>
        <header name="X-Li-Fabric" scope="transport" action="remove"/>
        <header name="x-li-request-id" scope="transport" action="remove"/>
    </sequence>
</template>
