{
  "id": "http:\/\/wso2jsonschema.org",
  "title": "root",
  "$schema": "http:\/\/json-schema.org\/draft-04\/schema#",
  "properties": {
    "startHistoryId": {
      "id": "http:\/\/wso2jsonschema.org\/startHistoryId",
      "type": "string"
    },
    "pageToken": {
      "id": "http:\/\/wso2jsonschema.org\/pageToken",
      "type": "string"
    },
    "maxResults": {
      "id": "http:\/\/wso2jsonschema.org\/maxResults",
      "type": "string"
    },
    "labelId": {
      "id": "http:\/\/wso2jsonschema.org\/labelId",
      "type": "string"
    }
  },
  "type": "object"
}