<?xml version="1.0" encoding="UTF-8"?>
<!--
  ~ Copyright (c) 2016, WSO2 Inc. (http://www.wso2.org) All Rights Reserved.
  ~
  ~ WSO2 Inc. licenses this file to you under the Apache License,
  ~ Version 2.0 (the "License"); you may not use this file except
  ~ in compliance with the License.
  ~ You may obtain a copy of the License at
  ~
  ~    http://www.apache.org/licenses/LICENSE-2.0
  ~
  ~ Unless required by applicable law or agreed to in writing,
  ~ software distributed under the License is distributed on an
  ~ "AS IS" BASIS, WITHOUT WARRANTIES OR CONDITIONS OF ANY
  ~ KIND, either express or implied.  See the License for the
  ~ specific language governing permissions and limitations
  ~ under the License.
-->

<template name="addWorksheet" xmlns="http://ws.apache.org/ns/synapse">
    <parameter name="key" description="Unique value of the spreadsheet"/>
    <parameter name="title" description="Title of new worksheet"/>
    <parameter name="rowCount" description="Required number of row to a new worksheet"/>
    <parameter name="colCount" description="Required number of column to a new worksheet"/>
    <sequence>
        <property name="uri.var.key" expression="$func:key"/>
        <property name="uri.var.title" expression="$func:title"/>
        <property name="uri.var.rowCount" expression="$func:rowCount"/>
        <property name="uri.var.colCount" expression="$func:colCount"/>
        <property name="REQUEST_HOST_HEADER" scope="axis2" value="spreadsheets.google.com"/>
        <payloadFactory media-type="xml">
            <format>
                <entry xmlns:gs="http://schemas.google.com/spreadsheets/2006"
                       xmlns="http://www.w3.org/2005/Atom">
                    <title>$1</title>
                    <gs:rowCount>$2</gs:rowCount>
                    <gs:colCount>$3</gs:colCount>
                </entry>
            </format>
            <args>
                <arg expression="$ctx:title"/>
                <arg expression="$ctx:rowCount"/>
                <arg expression="$ctx:colCount"/>
            </args>
        </payloadFactory>
        <property name="messageType" value="application/atom+xml" scope="axis2"/>
        <property name="Content-Type" value="application/atom+xml" scope="axis2"/>
        <header name="Content-Type" value="application/atom+xml" scope="transport"/>
        <property action="remove" name="Accept-Encoding" scope="transport"/>
        <call>
            <endpoint>
                <http method="post"
                      uri-template="{uri.var.apiUrl}/feeds/worksheets/{+uri.var.key}/private/full"/>
            </endpoint>
        </call>
        <!-- Remove response custom header information -->
        <header name="x-li-format" scope="transport" action="remove"/>
        <header name="X-LI-UUID" scope="transport" action="remove"/>
        <header name="X-Li-Pop" scope="transport" action="remove"/>
        <header name="X-Li-Fabric" scope="transport" action="remove"/>
        <header name="x-li-request-id" scope="transport" action="remove"/>
    </sequence>
</template>