<?xml version="1.0" encoding="UTF-8"?>
<!--
  ~ Copyright (c) 2016, WSO2 Inc. (http://www.wso2.org) All Rights Reserved.
  ~
  ~ WSO2 Inc. licenses this file to you under the Apache License,
  ~ Version 2.0 (the "License"); you may not use this file except
  ~ in compliance with the License.
  ~ You may obtain a copy of the License at
  ~
  ~    http://www.apache.org/licenses/LICENSE-2.0
  ~
  ~ Unless required by applicable law or agreed to in writing,
  ~ software distributed under the License is distributed on an
  ~ "AS IS" BASIS, WITHOUT WARRANTIES OR CONDITIONS OF ANY
  ~ KIND, either express or implied.  See the License for the
  ~ specific language governing permissions and limitations
  ~ under the License.
-->

<component name="worksheet" type="synapse/template">
    <subComponents>
        <component name="listWorksheets">
            <file>listWorksheets.xml</file>
            <description>Retrieve information about worksheets.</description>
        </component>
        <component name="addWorksheet">
            <file>addWorksheet.xml</file>
            <description>Creates a new worksheet in google spreadsheet.</description>
        </component>
        <component name="deleteWorksheet">
            <file>deleteWorksheet.xml</file>
            <description>Delete a worksheet.</description>
        </component>
        <component name="modifyWorksheetTitleAndSize">
            <file>modifyWorksheetTitleAndSize.xml</file>
            <description>Modify the title and size of a worksheet.</description>
        </component>
        <component name="getWorksheetByTitle">
            <file>getWorksheetByTitle.xml</file>
            <description>Get worksheet by using worksheet title.</description>
        </component>
    </subComponents>
</component>