<?xml version="1.0" encoding="UTF-8"?>
<!--
  ~ Copyright (c) 2016, WSO2 Inc. (http://www.wso2.org) All Rights Reserved.
  ~
  ~ WSO2 Inc. licenses this file to you under the Apache License,
  ~ Version 2.0 (the "License"); you may not use this file except
  ~ in compliance with the License.
  ~ You may obtain a copy of the License at
  ~
  ~    http://www.apache.org/licenses/LICENSE-2.0
  ~
  ~ Unless required by applicable law or agreed to in writing,
  ~ software distributed under the License is distributed on an
  ~ "AS IS" BASIS, WITHOUT WARRANTIES OR CONDITIONS OF ANY
  ~ KIND, either express or implied.  See the License for the
  ~ specific language governing permissions and limitations
  ~ under the License.
-->

<template name="deleteWorksheet" xmlns="http://ws.apache.org/ns/synapse">
    <parameter name="deleteWorksheetKey" description="Unique value of the spreadsheet"/>
    <parameter name="deleteWorksheetId" description="The ID of the worksheet"/>
    <sequence>
        <property name="uri.var.deleteWorksheetKey" expression="$func:deleteWorksheetKey"/>
        <property name="uri.var.deleteWorksheetId" expression="$func:deleteWorksheetId"/>
        <property name="REQUEST_HOST_HEADER" scope="axis2" value="spreadsheets.google.com"/>
        <property action="remove" name="Accept-Encoding" scope="transport"/>
        <call>
            <endpoint>
                <http method="delete"
                      uri-template="{+uri.var.apiUrl}/feeds/worksheets/{+uri.var.deleteWorksheetKey}/private/full/{+uri.var.deleteWorksheetId}"/>
            </endpoint>
        </call>
        <!-- Remove response custom header information -->
        <header name="Access-Control-Allow-Headers" scope="transport" action="remove"/>
        <header name="Access-Control-Allow-Methods" scope="transport" action="remove"/>
        <header name="Access-Control-Allow-Origin" scope="transport" action="remove"/>
        <header name="ETag" scope="transport" action="remove"/>
        <header name="P3P" scope="transport" action="remove"/>
        <header name="X-RateLimit-Remaining" scope="transport" action="remove"/>
        <header name="X-lastUpdated" scope="transport" action="remove"/>
        <header name="twserver" scope="transport" action="remove"/>
        <header name="X-RateLimit-Limit" scope="transport" action="remove"/>
    </sequence>
</template>