<?xml version="1.0" encoding="UTF-8"?>
<!--
  ~ Copyright (c) 2016, WSO2 Inc. (http://www.wso2.org) All Rights Reserved.
  ~
  ~ WSO2 Inc. licenses this file to you under the Apache License,
  ~ Version 2.0 (the "License"); you may not use this file except
  ~ in compliance with the License.
  ~ You may obtain a copy of the License at
  ~
  ~    http://www.apache.org/licenses/LICENSE-2.0
  ~
  ~ Unless required by applicable law or agreed to in writing,
  ~ software distributed under the License is distributed on an
  ~ "AS IS" BASIS, WITHOUT WARRANTIES OR CONDITIONS OF ANY
  ~ KIND, either express or implied.  See the License for the
  ~ specific language governing permissions and limitations
  ~ under the License.
-->

<template name="modifyWorksheetTitleAndSize" xmlns="http://ws.apache.org/ns/synapse">
    <parameter name="key" description="Unique value of the spreadsheet"/>
    <parameter name="worksheetId" description="The ID of the worksheet"/>
    <parameter name="worksheetVersion" description="The version of the worksheet"/>
    <parameter name="title" description="Title of the new worksheet"/>
    <parameter name="rowCount" description="row count"/>
    <parameter name="colCount" description="column count"/>
    <sequence>
        <property name="uri.var.key" expression="$func:key"/>
        <property name="uri.var.worksheetId" expression="$func:worksheetId"/>
        <property name="uri.var.worksheetVersion" expression="$func:worksheetVersion"/>
        <property name="uri.var.title" expression="$func:title"/>
        <property name="uri.var.rowCount" expression="$func:rowCount"/>
        <property name="uri.var.colCount" expression="$func:colCount"/>
        <property name="REQUEST_HOST_HEADER" scope="axis2" value="spreadsheets.google.com"/>
        <payloadFactory media-type="xml">
            <format>
                <entry xmlns:gs="http://schemas.google.com/spreadsheets/2006"
                       xmlns="http://www.w3.org/2005/Atom">
                    <title>$1</title>
                    <gs:rowCount>$2</gs:rowCount>
                    <gs:colCount>$3</gs:colCount>
                </entry>
            </format>
            <args>
                <arg expression="$ctx:title"/>
                <arg expression="$ctx:rowCount"/>
                <arg expression="$ctx:colCount"/>
            </args>
        </payloadFactory>
        <script language="js"><![CDATA[
		    //request body param variables
		    var title = mc.getProperty('uri.var.title');
			var rowCount = mc.getProperty('uri.var.rowCount');
			var colCount = mc.getProperty('uri.var.colCount');
            //Get the existing payload
			var payload = mc.getPayloadXML();
			if (title != null && title != "") {
			    payload["title"]=title;
			}
			if (rowCount != null && rowCount != "") {
                payload["rowCount"]=rowCount;
            }
            if (colCount != null && colCount != "") {
                payload["colCount"]=colCount;
            }
			//Set the newly constructed payload
			mc.setPayloadXML(payload);
        	]]>
        </script>
        <property name="messageType" value="application/atom+xml" scope="axis2"/>
        <property name="Content-Type" value="application/atom+xml" scope="axis2"/>
        <header name="Content-Type" value="application/atom+xml" scope="transport"/>
        <property action="remove" name="Accept-Encoding" scope="transport"/>
        <call>
            <endpoint>
                <http method="put"
                      uri-template="{+uri.var.apiUrl}/feeds/worksheets/{+uri.var.key}/private/full/{+uri.var.worksheetId}/{+uri.var.worksheetVersion}"/>
            </endpoint>
        </call>
        <!-- Remove response custom header information -->
        <header name="x-li-format" scope="transport" action="remove"/>
        <header name="X-LI-UUID" scope="transport" action="remove"/>
        <header name="X-Li-Pop" scope="transport" action="remove"/>
        <header name="X-Li-Fabric" scope="transport" action="remove"/>
        <header name="x-li-request-id" scope="transport" action="remove"/>
    </sequence>
</template>