{
  "id": "http:\/\/wso2jsonschema.org",
  "title": "feed",
  "$schema": "http:\/\/json-schema.org\/draft-04\/schema#",
  "properties": {
    "id": {
      "id": "http:\/\/wso2jsonschema.org\/id",
      "type": "string"
    },
    "author": {
      "id": "http:\/\/wso2jsonschema.org\/author",
      "properties": {
        "email": {
          "id": "http:\/\/wso2jsonschema.org\/author\/email",
          "type": "string"
        },
        "name": {
          "id": "http:\/\/wso2jsonschema.org\/author\/name",
          "type": "string"
        }
      },
      "type": "object"
    },
    "category": {
      "id": "http:\/\/wso2jsonschema.org\/category",
      "attributes": {},
      "type": "null"
    },
    "title": {
      "id": "http:\/\/wso2jsonschema.org\/title",
      "attributes": {},
      "properties": {
        "@type": {
          "id": "http:\/\/wso2jsonschema.org\/type",
          "properties": {},
          "type": "object"
        }
      },
      "type": "object"
    },
    "updated": {
      "id": "http:\/\/wso2jsonschema.org\/updated",
      "type": "string"
    },
    "link": {
      "id": "http:\/\/wso2jsonschema.org\/link",
      "items": [
        {
          "id": "http:\/\/wso2jsonschema.org\/link\/link",
          "attributes": {},
          "type": "null"
        }
      ],
      "type": "array"
    },
    "xmlns": {
      "id": "http:\/\/wso2jsonschema.org\/xmlns",
      "type": "string"
    },
    "openSearch:totalResults": {
      "id": "http:\/\/wso2jsonschema.org\/openSearch:totalResults",
      "type": "number"
    },
    "openSearch:startIndex": {
      "id": "http:\/\/wso2jsonschema.org\/openSearch:startIndex",
      "type": "number"
    }
  },
  "type": "object",
  "namespaces": [
    {
      "prefix": "gs",
      "url": "http:\/\/schemas.google.com\/spreadsheets\/2006"
    },
    {
      "prefix": "openSearch",
      "url": "http:\/\/a9.com\/-\/spec\/opensearchrss\/1.0\/"
    }
  ]
}