{
  "id": "http:\/\/wso2jsonschema.org",
  "title": "root",
  "$schema": "http:\/\/json-schema.org\/draft-04\/schema#",
  "properties": {
    "worksheetId": {
      "id": "http:\/\/wso2jsonschema.org\/worksheetId",
      "type": "string"
    },
    "maxRow": {
      "id": "http:\/\/wso2jsonschema.org\/maxRow",
      "type": "string"
    },
    "maxCol": {
      "id": "http:\/\/wso2jsonschema.org\/maxCol",
      "type": "string"
    },
    "minCol": {
      "id": "http:\/\/wso2jsonschema.org\/minCol",
      "type": "string"
    },
    "key": {
      "id": "http:\/\/wso2jsonschema.org\/key",
      "type": "string"
    },
    "minRow": {
      "id": "http:\/\/wso2jsonschema.org\/minRow",
      "type": "string"
    }
  },
  "type": "object"
}