{
  "id": "http:\/\/wso2jsonschema.org",
  "title": "root",
  "$schema": "http:\/\/json-schema.org\/draft-04\/schema#",
  "properties": {
    "col": {
      "id": "http:\/\/wso2jsonschema.org\/col",
      "type": "string"
    },
    "cellId": {
      "id": "http:\/\/wso2jsonschema.org\/cellId",
      "type": "string"
    },
    "imporDatatWorksheetId": {
      "id": "http:\/\/wso2jsonschema.org\/imporDatatWorksheetId",
      "type": "string"
    },
    "importDataCellVersion": {
      "id": "http:\/\/wso2jsonschema.org\/importDataCellVersion",
      "type": "string"
    },
    "inputURL": {
      "id": "http:\/\/wso2jsonschema.org\/inputURL",
      "type": "string"
    },
    "row": {
      "id": "http:\/\/wso2jsonschema.org\/row",
      "type": "string"
    },
    "key": {
      "id": "http:\/\/wso2jsonschema.org\/key",
      "type": "string"
    }
  },
  "type": "object"
}