{
  "id": "http:\/\/wso2jsonschema.org",
  "title": "root",
  "$schema": "http:\/\/json-schema.org\/draft-04\/schema#",
  "properties": {
    "worksheetId": {
      "id": "http:\/\/wso2jsonschema.org\/worksheetId",
      "type": "string"
    },
    "fieldValues": {
      "id": "http:\/\/wso2jsonschema.org\/fieldValues",
      "properties": {
        "region": {
          "id": "http:\/\/wso2jsonschema.org\/fieldValues\/region",
          "type": "string"
        },
        "rep": {
          "id": "http:\/\/wso2jsonschema.org\/fieldValues\/rep",
          "type": "string"
        }
      },
      "type": "object"
    },
    "key": {
      "id": "http:\/\/wso2jsonschema.org\/key",
      "type": "string"
    }
  },
  "type": "object"
}