{
  "id": "http:\/\/wso2jsonschema.org",
  "title": "root",
  "$schema": "http:\/\/json-schema.org\/draft-04\/schema#",
  "properties": {
    "position": {
      "id": "http:\/\/wso2jsonschema.org\/position",
      "type": "string"
    },
    "col": {
      "id": "http:\/\/wso2jsonschema.org\/col",
      "type": "string"
    },
    "cellId": {
      "id": "http:\/\/wso2jsonschema.org\/cellId",
      "type": "string"
    },
    "worksheetId": {
      "id": "http:\/\/wso2jsonschema.org\/worksheetId",
      "type": "string"
    },
    "inputValue": {
      "id": "http:\/\/wso2jsonschema.org\/inputValue",
      "type": "string"
    },
    "cellVersion": {
      "id": "http:\/\/wso2jsonschema.org\/cellVersion",
      "type": "string"
    },
    "row": {
      "id": "http:\/\/wso2jsonschema.org\/row",
      "type": "string"
    },
    "key": {
      "id": "http:\/\/wso2jsonschema.org\/key",
      "type": "string"
    }
  },
  "type": "object"
}