{
  "id": "http:\/\/wso2jsonschema.org",
  "title": "root",
  "$schema": "http:\/\/json-schema.org\/draft-04\/schema#",
  "properties": {
    "rowVersion": {
      "id": "http:\/\/wso2jsonschema.org\/rowVersion",
      "type": "string"
    },
    "worksheetId": {
      "id": "http:\/\/wso2jsonschema.org\/worksheetId",
      "type": "string"
    },
    "rowId": {
      "id": "http:\/\/wso2jsonschema.org\/rowId",
      "type": "string"
    },
    "fieldValues": {
      "id": "http:\/\/wso2jsonschema.org\/fieldValues",
      "properties": {
        "total": {
          "id": "http:\/\/wso2jsonschema.org\/fieldValues\/total",
          "type": "string"
        },
        "region": {
          "id": "http:\/\/wso2jsonschema.org\/fieldValues\/region",
          "type": "string"
        },
        "orderDate": {
          "id": "http:\/\/wso2jsonschema.org\/fieldValues\/orderDate",
          "type": "string"
        },
        "item": {
          "id": "http:\/\/wso2jsonschema.org\/fieldValues\/item",
          "type": "string"
        },
        "cost": {
          "id": "http:\/\/wso2jsonschema.org\/fieldValues\/cost",
          "type": "string"
        },
        "units": {
          "id": "http:\/\/wso2jsonschema.org\/fieldValues\/units",
          "type": "string"
        },
        "rep": {
          "id": "http:\/\/wso2jsonschema.org\/fieldValues\/rep",
          "type": "string"
        }
      },
      "type": "object"
    },
    "key": {
      "id": "http:\/\/wso2jsonschema.org\/key",
      "type": "string"
    }
  },
  "type": "object"
}