{
  "id": "http:\/\/wso2jsonschema.org",
  "title": "entry",
  "$schema": "http:\/\/json-schema.org\/draft-04\/schema#",
  "properties": {
    "id": {
      "id": "http:\/\/wso2jsonschema.org\/id",
      "type": "string"
    },
    "content": {
      "id": "http:\/\/wso2jsonschema.org\/content",
      "attributes": {},
      "type": "null"
    },
    "gsx:region": {
      "id": "http:\/\/wso2jsonschema.org\/gsx:region",
      "type": "number"
    },
    "category": {
      "id": "http:\/\/wso2jsonschema.org\/category",
      "attributes": {},
      "type": "null"
    },
    "title": {
      "id": "http:\/\/wso2jsonschema.org\/title",
      "attributes": {},
      "properties": {
        "@type": {
          "id": "http:\/\/wso2jsonschema.org\/type",
          "properties": {},
          "type": "object"
        }
      },
      "type": "object"
    },
    "updated": {
      "id": "http:\/\/wso2jsonschema.org\/updated",
      "type": "string"
    },
    "link": {
      "id": "http:\/\/wso2jsonschema.org\/link",
      "items": [
        {
          "id": "http:\/\/wso2jsonschema.org\/link\/link",
          "attributes": {},
          "type": "null"
        }
      ],
      "type": "array"
    },
    "gsx:rep": {
      "id": "http:\/\/wso2jsonschema.org\/gsx:rep",
      "type": "null"
    },
    "xmlns": {
      "id": "http:\/\/wso2jsonschema.org\/xmlns",
      "type": "string"
    }
  },
  "type": "object",
  "namespaces": [
    {
      "prefix": "gsx",
      "url": "http:\/\/schemas.google.com\/spreadsheets\/2006\/extended"
    }
  ]
}