{
  "id": "http:\/\/wso2jsonschema.org",
  "title": "feed",
  "$schema": "http:\/\/json-schema.org\/draft-04\/schema#",
  "properties": {
    "id": {
      "id": "http:\/\/wso2jsonschema.org\/id",
      "type": "string"
    },
    "category": {
      "id": "http:\/\/wso2jsonschema.org\/category",
      "attributes": {},
      "type": "null"
    },
    "title": {
      "id": "http:\/\/wso2jsonschema.org\/title",
      "attributes": {},
      "properties": {
        "@type": {
          "id": "http:\/\/wso2jsonschema.org\/type",
          "properties": {},
          "type": "object"
        }
      },
      "type": "object"
    },
    "updated": {
      "id": "http:\/\/wso2jsonschema.org\/updated",
      "type": "string"
    },
    "link": {
      "id": "http:\/\/wso2jsonschema.org\/link",
      "items": [
        {
          "id": "http:\/\/wso2jsonschema.org\/link\/link",
          "attributes": {},
          "type": "null"
        }
      ],
      "type": "array"
    },
    "entry": {
      "id": "http:\/\/wso2jsonschema.org\/entry",
      "properties": {
        "id": {
          "id": "http:\/\/wso2jsonschema.org\/entry\/id",
          "type": "string"
        },
        "content": {
          "id": "http:\/\/wso2jsonschema.org\/entry\/content",
          "attributes": {},
          "properties": {
            "@type": {
              "id": "http:\/\/wso2jsonschema.org\/entry\/type",
              "properties": {},
              "type": "object"
            }
          },
          "type": "object"
        },
        "author": {
          "id": "http:\/\/wso2jsonschema.org\/entry\/author",
          "properties": {
            "email": {
              "id": "http:\/\/wso2jsonschema.org\/entry\/author\/email",
              "type": "string"
            },
            "name": {
              "id": "http:\/\/wso2jsonschema.org\/entry\/author\/name",
              "type": "string"
            }
          },
          "type": "object"
        },
        "category": {
          "id": "http:\/\/wso2jsonschema.org\/entry\/category",
          "attributes": {},
          "type": "null"
        },
        "title": {
          "id": "http:\/\/wso2jsonschema.org\/entry\/title",
          "attributes": {},
          "properties": {
            "@type": {
              "id": "http:\/\/wso2jsonschema.org\/entry\/type",
              "properties": {},
              "type": "object"
            }
          },
          "type": "object"
        },
        "updated": {
          "id": "http:\/\/wso2jsonschema.org\/entry\/updated",
          "type": "string"
        },
        "link": {
          "id": "http:\/\/wso2jsonschema.org\/entry\/link",
          "items": [
            {
              "id": "http:\/\/wso2jsonschema.org\/entry\/link\/link",
              "attributes": {},
              "type": "null"
            }
          ],
          "type": "array"
        }
      },
      "type": "object"
    },
    "xmlns": {
      "id": "http:\/\/wso2jsonschema.org\/xmlns",
      "type": "string"
    },
    "openSearch:totalResults": {
      "id": "http:\/\/wso2jsonschema.org\/openSearch:totalResults",
      "type": "number"
    },
    "openSearch:startIndex": {
      "id": "http:\/\/wso2jsonschema.org\/openSearch:startIndex",
      "type": "number"
    }
  },
  "type": "object",
  "namespaces": [
    {
      "prefix": "openSearch",
      "url": "http:\/\/a9.com\/-\/spec\/opensearchrss\/1.0\/"
    }
  ]
}